paperID,volumeID,journalID
187609691,y813lsj7-1vg1-lqlk-ojlg-cyxmgs9sz9rh,75a40e9a-d458-4cb2-8d3a-ad0f3c60134c
187609691,9v1c4l2v-da2c-tfz7-iulr-igjexv7my5tn,c4906074-ce3f-48b7-bc22-2df39bb3e948
187609691,0i4cbrhu-1ruy-jkcu-th4v-6l97d8ao8qcm,75a40e9a-d458-4cb2-8d3a-ad0f3c60134c
187609691,83m7j3e2-sa5m-ngp3-fdlp-r9233ndawuyy,8f2e5f4f-47a2-4795-a8c3-949271aa9aa6
187609691,y3j02ld1-b80r-4yya-ppah-tpedrexfqd0d,75a40e9a-d458-4cb2-8d3a-ad0f3c60134c
220171483,4zud10fu-23ah-cwxu-p994-vocli2m41awi,6f6d7b8f-57c7-49a4-b01b-ed33ed25b3f2
220171483,gl10qgsj-yctb-ly23-wp3a-c9ss0hrmjfqx,9f12bb35-cade-4b75-b689-860823fbf2cb
220171483,9v1c4l2v-da2c-tfz7-iulr-igjexv7my5tn,c4906074-ce3f-48b7-bc22-2df39bb3e948
220171483,oqny3fmj-6vye-yvrp-lty7-l4dx743a1da5,5385d627-f38f-4f07-a1fb-840f1cf08c88
220171483,z3b1unrm-ltnn-9hk8-0kjz-8874q2czgirf,26c4ed67-b7d5-4a46-8317-87decb51a69c
220171483,qsi7wipr-ytq2-h699-697j-zz46nk3tb4xr,1d52ca9d-7ba3-428b-870d-0370c28589f3
220171483,hitan7il-lubz-ayzs-ooge-5uiwn6d14bxp,3b2c751d-4ed2-4da6-be71-4c19769543bf
220171483,wgmxb8ar-i6bi-cd9g-430v-5td2xm9brn2u,9ecf3c50-f992-4389-96c0-a4bafd46c48b
224597913,b6sgdb7m-hwro-eruc-xtli-jylxc7ca1hzw,e442512f-e7e8-4ad3-ada8-d3cd1b2c86c8
224597913,qkjhr3j2-3no3-rdkp-kc9p-o6tj3sx81abs,3b2c751d-4ed2-4da6-be71-4c19769543bf
224597913,6ntieguf-3cco-hzdi-fsep-m36kwycuuqd7,c494f143-afa1-4343-9967-bd08727d8305
224597913,6f57bnpn-skpc-x20r-67te-4il6cowv6c76,e442512f-e7e8-4ad3-ada8-d3cd1b2c86c8
224597913,cmpf2bbp-ydui-ahn3-eyyh-jon4pcl2kvze,1f978602-0f0f-4e8b-a8f0-423b4fe882f4
224597913,pucuc1d4-r49c-a6t7-vnz9-8oa7kdr10mrw,e835b325-1be9-40c8-9afb-f4f6afeaa028
224597913,mqoua9ss-ldo4-nwle-4snl-q2u15k9hh7yo,76bda6dd-359d-4a2f-aea7-4e7dab39926c
224597913,lplvn2j9-p1xy-kqxz-81ao-4oojw2ua3v3d,ba0535ba-d87c-4eb2-8597-9649a54eda9d
224597913,hythccdz-tw4o-38k5-amkw-92k3qm3y21jn,7a2b9da8-de5a-48d9-b77b-781955a16084
224597913,5xlpwqlq-eu87-og87-svv3-v91gz75ab3t6,9f12bb35-cade-4b75-b689-860823fbf2cb
224597913,5wa2gjh2-wb3u-bf3b-xf7n-kf8b3rth25tl,f48a2213-32cb-4fb4-908d-7c5b231196e9
214235867,kvjuvgko-dofj-sp0j-567f-w46jac6rmtrw,7b328dcc-4ced-46c5-afe5-d4d091163176
214235867,c1llvhy3-gze0-s3sq-5m4w-a8c89htbb8lo,5385d627-f38f-4f07-a1fb-840f1cf08c88
214235867,ddlizvvx-ui1r-iw3i-prxr-2rvi6j05c67v,cf014da0-4fc0-4d80-8ba6-5077f19f4ff9
214235867,m0aycbyk-mztk-6vzn-eowz-3n96j4d489yc,26c4ed67-b7d5-4a46-8317-87decb51a69c
214235867,5lhsjm7u-e8dw-nhcj-i4ln-apcmoegnfgyk,f48a2213-32cb-4fb4-908d-7c5b231196e9
214235867,83sv0omb-zmt5-eg07-fo3b-1jwe02hfaeuf,7b328dcc-4ced-46c5-afe5-d4d091163176
214235867,pucuc1d4-r49c-a6t7-vnz9-8oa7kdr10mrw,e835b325-1be9-40c8-9afb-f4f6afeaa028
214235867,o8wo92ss-i946-ppti-vmok-xa27fm03k3oq,98b33b54-deeb-4e36-9d52-02c86fbfd510
214235867,83sjho4u-enxb-nt50-c43o-nyh9ywgmmco7,4d7bc938-a483-4c5d-bedb-a7722c5c8165
211992081,v98i8i45-zbq5-vzo6-ia5v-hdx3x0uwn2vm,924b5177-20b5-464c-84b2-0f813c7a83b9
211992081,wrqf1ws9-1g26-gqgk-ozsq-mu1px0ktovx6,2247e234-68d6-483d-9dd3-a9b9ed8d8773
211992081,n4d2byd3-uuad-v78u-htsh-lb61n7vk66hh,26c4ed67-b7d5-4a46-8317-87decb51a69c
211992081,lq18y1ji-03d9-k1p6-0mwq-tbe3yjdoi9w5,a78f2c18-4d1d-4790-93a0-52aff92de25f
211992081,lplvn2j9-p1xy-kqxz-81ao-4oojw2ua3v3d,ba0535ba-d87c-4eb2-8597-9649a54eda9d
211992081,ronmxvkv-8gai-jzfz-5lg4-jmu3qo9qz8lq,4a3eb43b-e335-492f-bb9c-1413cca299d4
211992081,upuntc1l-u8f6-c4sb-suwq-6h57n8tkmioq,10360c14-66ed-4973-bdc6-338c7499845e
211992081,0cn5aihk-h9cf-hwpv-hrmd-znv7syk5adi3,cc594ac8-f8e4-40fb-abce-cac6f2bcb44b
211992081,mqoua9ss-ldo4-nwle-4snl-q2u15k9hh7yo,76bda6dd-359d-4a2f-aea7-4e7dab39926c
211992081,z3b1unrm-ltnn-9hk8-0kjz-8874q2czgirf,26c4ed67-b7d5-4a46-8317-87decb51a69c
222186672,3bgyp5u1-6b15-t7u3-0e9u-t2l7jg78srwu,40aaba87-5e4a-4532-b5be-bd59a5ba1611
222186672,ru7z0ey0-xe89-2qrd-bsst-6x0n7pkpb99d,a78f2c18-4d1d-4790-93a0-52aff92de25f
222186672,a436k0zx-48xv-xs7u-8u7r-ymkblug4rftu,30aa77a0-fb15-4dd9-8efa-9dbfa3cf57e1
222186672,cgmdgs4d-eapx-i2iz-ecea-92vsgutvv95k,ddce71bd-e266-4f12-bd75-d0a9b327c12a
222186672,lwq053zd-4wzc-cknl-1elt-t3g3vz3qgaap,47a190d9-bfa4-4158-852e-b9428312a19c
222186672,6o4zkhc2-aoxe-hbmg-budu-ibc388nlucjg,e835b325-1be9-40c8-9afb-f4f6afeaa028
222186672,lgotxrkt-8k74-9cts-sybe-8dwfqe8nc863,4d7bc938-a483-4c5d-bedb-a7722c5c8165
222186672,4zbn5gqs-krvu-zy5r-e4lc-2w23iex0h4uu,90f50ae1-d87f-4189-b415-849e96dd96f1
222186672,xugk8gj6-rfky-o8wp-rtzk-a0p7owgt2umo,41bfda96-f67a-4623-976c-d573aa55dfd4
222186672,lw94admo-1kky-dt5i-bdrc-48s4vuavkk8s,9ecf3c50-f992-4389-96c0-a4bafd46c48b
222186672,7zk0ennt-gt0a-q1s5-vmt2-pjsntdnorfc5,9f12bb35-cade-4b75-b689-860823fbf2cb
222186672,qr07i712-e8gc-t51d-krtt-0mu7teng4cs2,76bda6dd-359d-4a2f-aea7-4e7dab39926c
222186672,3vjjxul6-poi3-iwev-bq5b-yqlnezwnxixj,7a2b9da8-de5a-48d9-b77b-781955a16084
222186672,bxs3xs8v-mkcx-dg5x-0lge-oyi6g57o75vu,6f6d7b8f-57c7-49a4-b01b-ed33ed25b3f2
222186672,rw8tewnd-h9i7-a560-z5em-lwov05hzew6y,6f6d7b8f-57c7-49a4-b01b-ed33ed25b3f2
177163529,0oegg4o0-hjuy-ui7x-qxo3-4yedoumhcoju,3b2c751d-4ed2-4da6-be71-4c19769543bf
177163529,rshhl5wj-xenw-e1h1-d2l6-pdn7klca9khp,c4906074-ce3f-48b7-bc22-2df39bb3e948
177163529,3dry490r-pamd-304b-0z0h-eekibkivb95g,c55d7796-a7a8-4ecc-8b05-b170c92c86c6
177163529,w5iasd80-z4nv-5mxa-glzf-iadopkzlqdhd,1d52ca9d-7ba3-428b-870d-0370c28589f3
177163529,op08brad-gzk5-fsyb-5g05-9v7dfrdltwjo,7b328dcc-4ced-46c5-afe5-d4d091163176
177163529,s5ya84y1-9m6t-gvj5-9j54-en0xsjdnk8e5,9210d210-bca6-40ed-a5fe-580255c0b0e6
177163529,9h7ioalu-j3d8-zaw9-sw7w-cr4ijex5wao3,2247e234-68d6-483d-9dd3-a9b9ed8d8773
177163529,scljzy6k-ebh1-bzfj-zybn-a77efej7fw3w,47a190d9-bfa4-4158-852e-b9428312a19c
177163529,izj48gwi-e5ve-pmpi-sp2w-8b56uia6i3xw,1f978602-0f0f-4e8b-a8f0-423b4fe882f4
177163529,9hlm451h-jlaw-6ig7-djmr-f4o5b7qat3yg,9ecf3c50-f992-4389-96c0-a4bafd46c48b
177163529,hitan7il-lubz-ayzs-ooge-5uiwn6d14bxp,3b2c751d-4ed2-4da6-be71-4c19769543bf
177163529,eo7pq787-1ibl-lm92-1ykz-pzj78gv6pnxx,3dbb0e3e-42e8-455a-81f4-6bec5ead31b8
177163529,9wk76w7w-r1wq-hy29-9anb-jtryy85hvntk,7b328dcc-4ced-46c5-afe5-d4d091163176
189615356,xpfd7y8t-jsyx-i8v7-hky1-di3bw22t1bk7,3e0f5847-034a-4c20-8bed-9fbec8e0cb87
189615356,9h7ioalu-j3d8-zaw9-sw7w-cr4ijex5wao3,2247e234-68d6-483d-9dd3-a9b9ed8d8773
189615356,gl10qgsj-yctb-ly23-wp3a-c9ss0hrmjfqx,9f12bb35-cade-4b75-b689-860823fbf2cb
189615356,erexbv09-azmb-t430-ick3-rbkyf0sfas7j,9210d210-bca6-40ed-a5fe-580255c0b0e6
189615356,wo8khxae-huya-hwqq-iasa-os9gsgkgc784,9210d210-bca6-40ed-a5fe-580255c0b0e6
189615356,c1llvhy3-gze0-s3sq-5m4w-a8c89htbb8lo,5385d627-f38f-4f07-a1fb-840f1cf08c88
189615356,6f57bnpn-skpc-x20r-67te-4il6cowv6c76,e442512f-e7e8-4ad3-ada8-d3cd1b2c86c8
189615356,xxvlg10d-k5ab-bf5h-evzz-upjtioszfjvg,9251bb39-b6bf-4ab9-9ff7-b61db0a3c340
189615356,3vjjxul6-poi3-iwev-bq5b-yqlnezwnxixj,7a2b9da8-de5a-48d9-b77b-781955a16084
189615356,ydw5hua0-l5k5-my7y-auqz-k6r2lbjtw8vs,27a6e7c4-31cf-47d3-87f1-3163dec68ab5
189615356,frcwmpz4-e7sj-no0v-mqq8-handkwpgc4ry,cc594ac8-f8e4-40fb-abce-cac6f2bcb44b
189615356,o8wo92ss-i946-ppti-vmok-xa27fm03k3oq,98b33b54-deeb-4e36-9d52-02c86fbfd510
189615356,9xchluqm-6vp4-s89o-u5w1-w55dgy9i8s5e,c4906074-ce3f-48b7-bc22-2df39bb3e948
187221758,gl10qgsj-yctb-ly23-wp3a-c9ss0hrmjfqx,9f12bb35-cade-4b75-b689-860823fbf2cb
187221758,49pwixvy-nm30-5pz4-k18s-yug6vlykyywj,c494f143-afa1-4343-9967-bd08727d8305
187221758,8fhfzprd-n45u-dj2h-49lr-mouz6q9mo8rp,c55d7796-a7a8-4ecc-8b05-b170c92c86c6
187221758,w8zrh0vl-42xu-cxvl-2y71-f9jldpmjkljn,2247e234-68d6-483d-9dd3-a9b9ed8d8773
187221758,qw21hipb-5gu4-k65b-k0xc-jy11g9yv3hc4,e835b325-1be9-40c8-9afb-f4f6afeaa028
187221758,oor3odtj-ck8g-y6ov-1t7y-01wy8gp3y12e,6b4ac8b4-2a1a-40f5-807d-f3cffd6e0b1b
187221758,5wa2gjh2-wb3u-bf3b-xf7n-kf8b3rth25tl,f48a2213-32cb-4fb4-908d-7c5b231196e9
187221758,mqfhxlmf-e121-2c0d-gt6z-yvxwevlhb2z6,3a9f67ab-f61c-45aa-a187-c08d4035728b
187221758,rf4gkbdl-0mm2-xcgr-froy-ogckpp6ktjc2,6b4ac8b4-2a1a-40f5-807d-f3cffd6e0b1b
182160933,tmvs4q5x-6xk3-57ei-j1dx-z5nnvbnokiqp,ba0535ba-d87c-4eb2-8597-9649a54eda9d
182160933,0oegg4o0-hjuy-ui7x-qxo3-4yedoumhcoju,3b2c751d-4ed2-4da6-be71-4c19769543bf
182160933,808qob46-3fcl-elyr-f8rk-bkgtb3qxmlhb,28927fa0-8dca-4082-a7d0-abd989c8ef12
182160933,y143izc6-idje-ilyj-thft-qmcuslqvglgf,47a190d9-bfa4-4158-852e-b9428312a19c
182160933,tdm3f845-o7qq-0s35-hzp7-gaapl5vga92u,f48a2213-32cb-4fb4-908d-7c5b231196e9
182160933,376s5hvy-eqcd-bhtp-m8gj-6dn3f3uhhx2l,30aa77a0-fb15-4dd9-8efa-9dbfa3cf57e1
182160933,8wgjjh06-7wk9-9kq4-vmdi-7d1qjqs0jxgn,f48a2213-32cb-4fb4-908d-7c5b231196e9
182160933,pd7zx1cq-os38-n3en-nk6t-iulsfzwp02ka,4d7bc938-a483-4c5d-bedb-a7722c5c8165
182160933,lw94admo-1kky-dt5i-bdrc-48s4vuavkk8s,9ecf3c50-f992-4389-96c0-a4bafd46c48b
182160933,2q5y029k-569w-zcxh-lgp2-wj7ju592b7w9,41bfda96-f67a-4623-976c-d573aa55dfd4
246009114,uw815088-afxq-79th-z6o6-ocse4nejit6r,9210d210-bca6-40ed-a5fe-580255c0b0e6
246009114,8igemviq-yxuv-vqia-kuyb-4dhh72i2wkf0,c494f143-afa1-4343-9967-bd08727d8305
246009114,cuapaz4m-iu5o-demj-ufmu-s5v3b2aqhtg5,76bda6dd-359d-4a2f-aea7-4e7dab39926c
246009114,setf25vq-nag1-9xk3-qu4b-gd7hqf24tanb,1d52ca9d-7ba3-428b-870d-0370c28589f3
246009114,7pp6fpix-gih1-269t-y2bc-so44y1ulbsr7,cd5f554f-e368-459a-b830-ceea0d8191fa
246009114,4zsiz03w-frjj-d77g-qau7-r55cnau8i9vk,237c9ae0-2f26-4eca-a083-28778d813825
246009114,v5zzoqxc-uvv0-6vef-9s7e-7w599oo86f1o,6b4ac8b4-2a1a-40f5-807d-f3cffd6e0b1b
246009114,740bqno6-pc45-v9kv-7745-4jsvr4caxq8y,8f2e5f4f-47a2-4795-a8c3-949271aa9aa6
246009114,q0kdy026-vbnm-hhg2-rhjr-5vw7t437s0b9,98b33b54-deeb-4e36-9d52-02c86fbfd510
246009114,2ezq8z2z-l4pc-478j-oudd-orsztmtq3zaz,41bfda96-f67a-4623-976c-d573aa55dfd4
110184512,7wj5imnp-cpne-zba0-u9bc-p1slthsun6bx,924b5177-20b5-464c-84b2-0f813c7a83b9
110184512,tf3n8sni-krza-61vf-dn9v-p1ewk4zymx5s,9ecf3c50-f992-4389-96c0-a4bafd46c48b
110184512,o6t42u5t-8wbn-fnsp-96ul-pc1s25q43y3q,76bda6dd-359d-4a2f-aea7-4e7dab39926c
110184512,83m7j3e2-sa5m-ngp3-fdlp-r9233ndawuyy,8f2e5f4f-47a2-4795-a8c3-949271aa9aa6
110184512,xugk8gj6-rfky-o8wp-rtzk-a0p7owgt2umo,41bfda96-f67a-4623-976c-d573aa55dfd4
115925191,rf4gkbdl-0mm2-xcgr-froy-ogckpp6ktjc2,6b4ac8b4-2a1a-40f5-807d-f3cffd6e0b1b
115925191,740bqno6-pc45-v9kv-7745-4jsvr4caxq8y,8f2e5f4f-47a2-4795-a8c3-949271aa9aa6
115925191,lw94admo-1kky-dt5i-bdrc-48s4vuavkk8s,9ecf3c50-f992-4389-96c0-a4bafd46c48b
115925191,wpua0qrx-n5cr-jjqh-h147-9ukpo4aan13w,ddee628a-b322-4999-9904-2cef31ca23d7
115925191,qw21hipb-5gu4-k65b-k0xc-jy11g9yv3hc4,e835b325-1be9-40c8-9afb-f4f6afeaa028
115925191,55fqkwb4-gvja-qx5k-8u64-lotnrpggi6q5,1d52ca9d-7ba3-428b-870d-0370c28589f3
115925191,frcwmpz4-e7sj-no0v-mqq8-handkwpgc4ry,cc594ac8-f8e4-40fb-abce-cac6f2bcb44b
115925191,3mppdaq4-joij-luou-259f-qgokmiib7j3x,c494f143-afa1-4343-9967-bd08727d8305
115925191,o8wo92ss-i946-ppti-vmok-xa27fm03k3oq,98b33b54-deeb-4e36-9d52-02c86fbfd510
115925191,wrqf1ws9-1g26-gqgk-ozsq-mu1px0ktovx6,2247e234-68d6-483d-9dd3-a9b9ed8d8773
126089984,d04yvlz1-gfcn-jitx-60qs-0l879faj7g3p,6f6d7b8f-57c7-49a4-b01b-ed33ed25b3f2
126089984,oqny3fmj-6vye-yvrp-lty7-l4dx743a1da5,5385d627-f38f-4f07-a1fb-840f1cf08c88
126089984,9jzx0b8x-jolg-kxw8-dzj6-ue9g0767zugf,cf014da0-4fc0-4d80-8ba6-5077f19f4ff9
126089984,8bidylwe-v3zu-bubs-gqin-b5dj6wlia7rl,c55d7796-a7a8-4ecc-8b05-b170c92c86c6
126089984,wm24isw9-6hpx-yvfq-xqnd-kfc3tk8ih7av,cf014da0-4fc0-4d80-8ba6-5077f19f4ff9
126089984,yd0y6ql9-yxes-hq6u-dydy-tg3up2r2wp36,924b5177-20b5-464c-84b2-0f813c7a83b9
126089984,bf8pq8n6-wiaj-i32h-ewaa-tb8qpaxvso61,3b2c751d-4ed2-4da6-be71-4c19769543bf
126089984,7cisqv80-rl9m-n30p-bkr0-5dvs7cm4ixwx,4d7bc938-a483-4c5d-bedb-a7722c5c8165
126089984,zkxieg2g-mt94-n7f3-1hya-5ba8sew8ohd4,a78f2c18-4d1d-4790-93a0-52aff92de25f
126089984,mqfhxlmf-e121-2c0d-gt6z-yvxwevlhb2z6,3a9f67ab-f61c-45aa-a187-c08d4035728b
223988116,9jzx0b8x-jolg-kxw8-dzj6-ue9g0767zugf,cf014da0-4fc0-4d80-8ba6-5077f19f4ff9
223988116,3npeq7ij-o7gk-v6m4-ch6s-rsl9pgkw3h2z,f48a2213-32cb-4fb4-908d-7c5b231196e9
223988116,cuapaz4m-iu5o-demj-ufmu-s5v3b2aqhtg5,76bda6dd-359d-4a2f-aea7-4e7dab39926c
223988116,7adfp347-6wl0-5gbq-nyv6-b8llmsl5bziu,4d7bc938-a483-4c5d-bedb-a7722c5c8165
223988116,83sjho4u-enxb-nt50-c43o-nyh9ywgmmco7,4d7bc938-a483-4c5d-bedb-a7722c5c8165
223988116,0yzn37jt-apiy-9y0k-ic7b-3rnxyrqzvzob,1f978602-0f0f-4e8b-a8f0-423b4fe882f4
223988116,ydw5hua0-l5k5-my7y-auqz-k6r2lbjtw8vs,27a6e7c4-31cf-47d3-87f1-3163dec68ab5
223988116,9zd2ut49-z4u8-o1pc-7fa4-18bwzlb7w0av,8f2e5f4f-47a2-4795-a8c3-949271aa9aa6
223988116,xl8t0e3s-gsve-ltcs-0pu7-hj7olehyn0kh,5385d627-f38f-4f07-a1fb-840f1cf08c88
223988116,cbnbgy9n-l23d-fahv-dc8r-s3fjryk3cu39,9f12bb35-cade-4b75-b689-860823fbf2cb
161317546,h7xfco1p-rivt-2bxw-akaq-yqu3i92h0udm,7b328dcc-4ced-46c5-afe5-d4d091163176
161317546,qr07i712-e8gc-t51d-krtt-0mu7teng4cs2,76bda6dd-359d-4a2f-aea7-4e7dab39926c
161317546,rw8tewnd-h9i7-a560-z5em-lwov05hzew6y,6f6d7b8f-57c7-49a4-b01b-ed33ed25b3f2
161317546,gr2rlqur-kqob-3gn4-gbt7-v1ml9cio5kb6,ddee628a-b322-4999-9904-2cef31ca23d7
161317546,du8saixa-1osi-eywn-in7y-9cvc1h5aoy9o,ddee628a-b322-4999-9904-2cef31ca23d7
161317546,l925jhwo-9fwh-ydy8-80vf-b4x541gakrba,e442512f-e7e8-4ad3-ada8-d3cd1b2c86c8
161317546,erexbv09-azmb-t430-ick3-rbkyf0sfas7j,9210d210-bca6-40ed-a5fe-580255c0b0e6
161317546,ys22a7si-beo6-1pq1-odkp-3qz3r3ycn7wr,ddce71bd-e266-4f12-bd75-d0a9b327c12a
169100438,06pfnvun-6rzh-1ov2-oqbn-6kva5iyojmrn,10360c14-66ed-4973-bdc6-338c7499845e
169100438,xmba8sqj-bd7f-veyo-plsc-8lpthju3bfze,cc594ac8-f8e4-40fb-abce-cac6f2bcb44b
169100438,m9onnsgg-o8m8-41gc-6m8a-k27ayp2eg528,40aaba87-5e4a-4532-b5be-bd59a5ba1611
169100438,eo7pq787-1ibl-lm92-1ykz-pzj78gv6pnxx,3dbb0e3e-42e8-455a-81f4-6bec5ead31b8
169100438,8igemviq-yxuv-vqia-kuyb-4dhh72i2wkf0,c494f143-afa1-4343-9967-bd08727d8305
169100438,6su08a29-8v1e-x8cl-2id5-irqju5klwnw1,3dbb0e3e-42e8-455a-81f4-6bec5ead31b8
169100438,izj48gwi-e5ve-pmpi-sp2w-8b56uia6i3xw,1f978602-0f0f-4e8b-a8f0-423b4fe882f4
169100438,v98i8i45-zbq5-vzo6-ia5v-hdx3x0uwn2vm,924b5177-20b5-464c-84b2-0f813c7a83b9
169100438,op08brad-gzk5-fsyb-5g05-9v7dfrdltwjo,7b328dcc-4ced-46c5-afe5-d4d091163176
169100438,9hlm451h-jlaw-6ig7-djmr-f4o5b7qat3yg,9ecf3c50-f992-4389-96c0-a4bafd46c48b
169100438,ru7z0ey0-xe89-2qrd-bsst-6x0n7pkpb99d,a78f2c18-4d1d-4790-93a0-52aff92de25f
169100438,zkxieg2g-mt94-n7f3-1hya-5ba8sew8ohd4,a78f2c18-4d1d-4790-93a0-52aff92de25f
169100438,w5iasd80-z4nv-5mxa-glzf-iadopkzlqdhd,1d52ca9d-7ba3-428b-870d-0370c28589f3
169100438,cgmdgs4d-eapx-i2iz-ecea-92vsgutvv95k,ddce71bd-e266-4f12-bd75-d0a9b327c12a
223680107,02s0yi9l-szyq-mk0k-nhyd-mylhw38vsn1u,a78f2c18-4d1d-4790-93a0-52aff92de25f
223680107,opfbgzki-ez5x-2aqf-59rl-pf4gkhco0989,cd5f554f-e368-459a-b830-ceea0d8191fa
223680107,rf4gkbdl-0mm2-xcgr-froy-ogckpp6ktjc2,6b4ac8b4-2a1a-40f5-807d-f3cffd6e0b1b
223680107,7adfp347-6wl0-5gbq-nyv6-b8llmsl5bziu,4d7bc938-a483-4c5d-bedb-a7722c5c8165
223680107,rfd7iivu-6tqq-ozv4-nhgn-8ds4sexgbotu,28927fa0-8dca-4082-a7d0-abd989c8ef12
223680107,zg5ccyuh-wprg-0kx5-007g-549gj4215d5v,98b33b54-deeb-4e36-9d52-02c86fbfd510
223680107,3vjjxul6-poi3-iwev-bq5b-yqlnezwnxixj,7a2b9da8-de5a-48d9-b77b-781955a16084
223680107,5l5a1pgl-ekn4-3xgp-cmjh-rn63ojvd9oxq,a78f2c18-4d1d-4790-93a0-52aff92de25f
223680107,km3afamj-gx2y-83zf-5y10-qprjaujz6fi1,cc594ac8-f8e4-40fb-abce-cac6f2bcb44b
223680107,ff5cysvh-wdj7-hwwv-lw8h-mh75uknzgpxb,c494f143-afa1-4343-9967-bd08727d8305
109900804,3d1qymo8-9qyy-44tp-p089-psive15sct1s,98b33b54-deeb-4e36-9d52-02c86fbfd510
109900804,tgfmevlv-8klu-pnb4-0cb2-q87nyc3wfa4s,41bfda96-f67a-4623-976c-d573aa55dfd4
109900804,wrqf1ws9-1g26-gqgk-ozsq-mu1px0ktovx6,2247e234-68d6-483d-9dd3-a9b9ed8d8773
109900804,mqfhxlmf-e121-2c0d-gt6z-yvxwevlhb2z6,3a9f67ab-f61c-45aa-a187-c08d4035728b
109900804,h7xfco1p-rivt-2bxw-akaq-yqu3i92h0udm,7b328dcc-4ced-46c5-afe5-d4d091163176
109900804,17shajnd-ruz0-t9a4-ry0y-nddgxc4pqr8p,9251bb39-b6bf-4ab9-9ff7-b61db0a3c340
109900804,21t77ucb-o0gq-y9vr-qqom-gldpq3c1w7zh,27a6e7c4-31cf-47d3-87f1-3163dec68ab5
109900804,tb448uuw-ans4-1cu3-802z-yl2owaq2gnz7,41bfda96-f67a-4623-976c-d573aa55dfd4
109900804,esvxrdm8-asxy-bv6s-04j6-6dy6rwn15kaf,af9217e1-baa5-48b2-af0f-94eeaef5070f
109900804,3dry490r-pamd-304b-0z0h-eekibkivb95g,c55d7796-a7a8-4ecc-8b05-b170c92c86c6
109900804,k4ohl8tr-jn5u-hrsg-6wng-ubsjwl4bkz17,f48a2213-32cb-4fb4-908d-7c5b231196e9
236770002,6o4zkhc2-aoxe-hbmg-budu-ibc388nlucjg,e835b325-1be9-40c8-9afb-f4f6afeaa028
236770002,gr2rlqur-kqob-3gn4-gbt7-v1ml9cio5kb6,ddee628a-b322-4999-9904-2cef31ca23d7
236770002,spj1tf7g-rd0o-4sct-xssj-tf2sfxeqmme8,9a3d9aca-5a67-4344-92e0-77ce2d11379c
236770002,376s5hvy-eqcd-bhtp-m8gj-6dn3f3uhhx2l,30aa77a0-fb15-4dd9-8efa-9dbfa3cf57e1
236770002,37r8xu5e-9vbl-00y2-7stx-64o4vyfrupme,c4906074-ce3f-48b7-bc22-2df39bb3e948
236770002,keli4g71-0ow5-l5c8-n6sq-999xwmqkafnu,e835b325-1be9-40c8-9afb-f4f6afeaa028
236770002,1ppcajvk-pq6m-9eu9-89vx-3xafi6c11a79,1f978602-0f0f-4e8b-a8f0-423b4fe882f4
236770002,9w3cr51a-62sn-2e9a-35vd-mem5acvux39r,5385d627-f38f-4f07-a1fb-840f1cf08c88
160964077,ri6hlx8e-2a32-akzg-xks2-r9hvyb0483vj,9ecf3c50-f992-4389-96c0-a4bafd46c48b
160964077,cuapaz4m-iu5o-demj-ufmu-s5v3b2aqhtg5,76bda6dd-359d-4a2f-aea7-4e7dab39926c
160964077,spj1tf7g-rd0o-4sct-xssj-tf2sfxeqmme8,9a3d9aca-5a67-4344-92e0-77ce2d11379c
160964077,rshhl5wj-xenw-e1h1-d2l6-pdn7klca9khp,c4906074-ce3f-48b7-bc22-2df39bb3e948
160964077,j3o0o61z-9mye-5csi-4gih-3w9b27wsxnyd,924b5177-20b5-464c-84b2-0f813c7a83b9
160964077,9jzx0b8x-jolg-kxw8-dzj6-ue9g0767zugf,cf014da0-4fc0-4d80-8ba6-5077f19f4ff9
160964077,du8saixa-1osi-eywn-in7y-9cvc1h5aoy9o,ddee628a-b322-4999-9904-2cef31ca23d7
160964077,su6j3ahh-m4is-bdxg-j7k1-qluakhlxwh5p,1d52ca9d-7ba3-428b-870d-0370c28589f3
160964077,2nupves1-0oql-gx6r-rsou-fi4gtjdzf5gp,30aa77a0-fb15-4dd9-8efa-9dbfa3cf57e1
160964077,0e6mnr66-jvx3-rceg-w2vu-b5q114pfj02x,e835b325-1be9-40c8-9afb-f4f6afeaa028
160964077,o8wo92ss-i946-ppti-vmok-xa27fm03k3oq,98b33b54-deeb-4e36-9d52-02c86fbfd510
160964077,hitan7il-lubz-ayzs-ooge-5uiwn6d14bxp,3b2c751d-4ed2-4da6-be71-4c19769543bf
189276670,55fqkwb4-gvja-qx5k-8u64-lotnrpggi6q5,1d52ca9d-7ba3-428b-870d-0370c28589f3
189276670,2ezq8z2z-l4pc-478j-oudd-orsztmtq3zaz,41bfda96-f67a-4623-976c-d573aa55dfd4
189276670,4wy8nvgl-nkff-jur5-njs2-byoimarjaqlp,f83c0eba-cf5a-4172-ae40-b5b5e49ae1c1
189276670,uw815088-afxq-79th-z6o6-ocse4nejit6r,9210d210-bca6-40ed-a5fe-580255c0b0e6
189276670,3vjjxul6-poi3-iwev-bq5b-yqlnezwnxixj,7a2b9da8-de5a-48d9-b77b-781955a16084
189276670,769iv6g8-xovf-r6pn-uqzc-6fm6mbmrofuf,924b5177-20b5-464c-84b2-0f813c7a83b9
189276670,cgmdgs4d-eapx-i2iz-ecea-92vsgutvv95k,ddce71bd-e266-4f12-bd75-d0a9b327c12a
189276670,9h7ioalu-j3d8-zaw9-sw7w-cr4ijex5wao3,2247e234-68d6-483d-9dd3-a9b9ed8d8773
189276670,v98i8i45-zbq5-vzo6-ia5v-hdx3x0uwn2vm,924b5177-20b5-464c-84b2-0f813c7a83b9
189276670,7dpg0jpt-k2ix-zb5t-11kj-mot26jmk7ko5,3a9f67ab-f61c-45aa-a187-c08d4035728b
64797097,eltbkycf-vzv2-q5aq-erx2-agofj8qti5dz,47a190d9-bfa4-4158-852e-b9428312a19c
64797097,s5ya84y1-9m6t-gvj5-9j54-en0xsjdnk8e5,9210d210-bca6-40ed-a5fe-580255c0b0e6
64797097,mqoua9ss-ldo4-nwle-4snl-q2u15k9hh7yo,76bda6dd-359d-4a2f-aea7-4e7dab39926c
64797097,w5iasd80-z4nv-5mxa-glzf-iadopkzlqdhd,1d52ca9d-7ba3-428b-870d-0370c28589f3
64797097,ydw5hua0-l5k5-my7y-auqz-k6r2lbjtw8vs,27a6e7c4-31cf-47d3-87f1-3163dec68ab5
64797097,3dry490r-pamd-304b-0z0h-eekibkivb95g,c55d7796-a7a8-4ecc-8b05-b170c92c86c6
64797097,v98i8i45-zbq5-vzo6-ia5v-hdx3x0uwn2vm,924b5177-20b5-464c-84b2-0f813c7a83b9
194092568,a7hhre9l-vuls-34g5-n7re-u3m6kgq7kamt,a78f2c18-4d1d-4790-93a0-52aff92de25f
194092568,1ppcajvk-pq6m-9eu9-89vx-3xafi6c11a79,1f978602-0f0f-4e8b-a8f0-423b4fe882f4
194092568,xl8t0e3s-gsve-ltcs-0pu7-hj7olehyn0kh,5385d627-f38f-4f07-a1fb-840f1cf08c88
194092568,ovig1uw0-8eek-qwh2-lykv-3b17bggjhwzz,27a6e7c4-31cf-47d3-87f1-3163dec68ab5
194092568,vk9w333c-ro0h-q9n5-s00c-9sdfqwja6w90,90f50ae1-d87f-4189-b415-849e96dd96f1
194092568,0i4cbrhu-1ruy-jkcu-th4v-6l97d8ao8qcm,75a40e9a-d458-4cb2-8d3a-ad0f3c60134c
194092568,b1a70ilc-31vv-bgg0-k313-vwopbu82g2hg,9a3d9aca-5a67-4344-92e0-77ce2d11379c
194092568,v98i8i45-zbq5-vzo6-ia5v-hdx3x0uwn2vm,924b5177-20b5-464c-84b2-0f813c7a83b9
194092568,qrgbqmyk-th04-ukqq-gs9n-8pijn1lga4zg,7b328dcc-4ced-46c5-afe5-d4d091163176
194092568,tf3n8sni-krza-61vf-dn9v-p1ewk4zymx5s,9ecf3c50-f992-4389-96c0-a4bafd46c48b
194092568,2nupves1-0oql-gx6r-rsou-fi4gtjdzf5gp,30aa77a0-fb15-4dd9-8efa-9dbfa3cf57e1
194092568,x7gkyw2u-xb5l-tirb-pv1s-gjvms5v0px0u,c55d7796-a7a8-4ecc-8b05-b170c92c86c6
188779287,tdm3f845-o7qq-0s35-hzp7-gaapl5vga92u,f48a2213-32cb-4fb4-908d-7c5b231196e9
188779287,6ntieguf-3cco-hzdi-fsep-m36kwycuuqd7,c494f143-afa1-4343-9967-bd08727d8305
188779287,9wk76w7w-r1wq-hy29-9anb-jtryy85hvntk,7b328dcc-4ced-46c5-afe5-d4d091163176
188779287,7fp0ib8n-kkvu-1zkf-kbvc-3g9oaolppfaj,2247e234-68d6-483d-9dd3-a9b9ed8d8773
188779287,w8zrh0vl-42xu-cxvl-2y71-f9jldpmjkljn,2247e234-68d6-483d-9dd3-a9b9ed8d8773
184226317,ppsfet3u-h6cz-vd8z-l8zs-lelp01dow8u0,90f50ae1-d87f-4189-b415-849e96dd96f1
184226317,44beoqnc-8ici-kj00-n13h-hdmmyib75jsn,9251bb39-b6bf-4ab9-9ff7-b61db0a3c340
184226317,epbshn0c-dfnu-e7d4-tnv3-7yh9px6abl2n,40aaba87-5e4a-4532-b5be-bd59a5ba1611
184226317,ngrwkj40-brhi-wahi-0u64-9boxcpvvng8q,9a3d9aca-5a67-4344-92e0-77ce2d11379c
184226317,8tg2bjqv-i23t-h54w-xhow-qr7fgawx22yj,ba0535ba-d87c-4eb2-8597-9649a54eda9d
184226317,wrqf1ws9-1g26-gqgk-ozsq-mu1px0ktovx6,2247e234-68d6-483d-9dd3-a9b9ed8d8773
184226317,li9ws8hf-ciov-x95e-nunf-6eidbalau19m,90f50ae1-d87f-4189-b415-849e96dd96f1
184226317,c1llvhy3-gze0-s3sq-5m4w-a8c89htbb8lo,5385d627-f38f-4f07-a1fb-840f1cf08c88
184226317,3vjjxul6-poi3-iwev-bq5b-yqlnezwnxixj,7a2b9da8-de5a-48d9-b77b-781955a16084
184226317,qgi3vk2b-5gae-utcj-usfn-49gvg61vwvop,75a40e9a-d458-4cb2-8d3a-ad0f3c60134c
184226317,mqfhxlmf-e121-2c0d-gt6z-yvxwevlhb2z6,3a9f67ab-f61c-45aa-a187-c08d4035728b
184226317,376s5hvy-eqcd-bhtp-m8gj-6dn3f3uhhx2l,30aa77a0-fb15-4dd9-8efa-9dbfa3cf57e1
184226317,710wy49k-nwmt-gtr1-h43r-ylzatc3kc2fd,27a6e7c4-31cf-47d3-87f1-3163dec68ab5
184226317,h7xfco1p-rivt-2bxw-akaq-yqu3i92h0udm,7b328dcc-4ced-46c5-afe5-d4d091163176
184226317,erexbv09-azmb-t430-ick3-rbkyf0sfas7j,9210d210-bca6-40ed-a5fe-580255c0b0e6
183655203,nz5twaof-mtxa-hjcp-tob8-12opx9qe9yvf,237c9ae0-2f26-4eca-a083-28778d813825
183655203,o4vq5ro2-v4gr-ho7p-dloo-0e4a882uiq8d,ddee628a-b322-4999-9904-2cef31ca23d7
183655203,o8wo92ss-i946-ppti-vmok-xa27fm03k3oq,98b33b54-deeb-4e36-9d52-02c86fbfd510
183655203,4wy8nvgl-nkff-jur5-njs2-byoimarjaqlp,f83c0eba-cf5a-4172-ae40-b5b5e49ae1c1
183655203,o6t42u5t-8wbn-fnsp-96ul-pc1s25q43y3q,76bda6dd-359d-4a2f-aea7-4e7dab39926c
183655203,lw94admo-1kky-dt5i-bdrc-48s4vuavkk8s,9ecf3c50-f992-4389-96c0-a4bafd46c48b
183655203,e2bjnzc4-xaz1-ztuj-aard-43tuw57e53r6,10360c14-66ed-4973-bdc6-338c7499845e
183655203,xpfd7y8t-jsyx-i8v7-hky1-di3bw22t1bk7,3e0f5847-034a-4c20-8bed-9fbec8e0cb87
183655203,6f57bnpn-skpc-x20r-67te-4il6cowv6c76,e442512f-e7e8-4ad3-ada8-d3cd1b2c86c8
183655203,8fhfzprd-n45u-dj2h-49lr-mouz6q9mo8rp,c55d7796-a7a8-4ecc-8b05-b170c92c86c6
183655203,uw815088-afxq-79th-z6o6-ocse4nejit6r,9210d210-bca6-40ed-a5fe-580255c0b0e6
182958528,8fhfzprd-n45u-dj2h-49lr-mouz6q9mo8rp,c55d7796-a7a8-4ecc-8b05-b170c92c86c6
182958528,pucuc1d4-r49c-a6t7-vnz9-8oa7kdr10mrw,e835b325-1be9-40c8-9afb-f4f6afeaa028
182958528,43z31mbk-ujtc-snd8-fced-nuoo34ftbxw9,af9217e1-baa5-48b2-af0f-94eeaef5070f
182958528,trihf8fb-0xh5-bswc-p8eo-svvplhj4k4vi,1f978602-0f0f-4e8b-a8f0-423b4fe882f4
182958528,xugk8gj6-rfky-o8wp-rtzk-a0p7owgt2umo,41bfda96-f67a-4623-976c-d573aa55dfd4
182958528,w5iasd80-z4nv-5mxa-glzf-iadopkzlqdhd,1d52ca9d-7ba3-428b-870d-0370c28589f3
182958528,s14q4ctv-74n7-uaz6-1857-0x6clf5qkvv9,3e0f5847-034a-4c20-8bed-9fbec8e0cb87
182958528,nz5twaof-mtxa-hjcp-tob8-12opx9qe9yvf,237c9ae0-2f26-4eca-a083-28778d813825
182958528,n4d2byd3-uuad-v78u-htsh-lb61n7vk66hh,26c4ed67-b7d5-4a46-8317-87decb51a69c
163583508,uwol4ul4-jjx8-4rr6-oafi-1re0z6p3kf6k,6b4ac8b4-2a1a-40f5-807d-f3cffd6e0b1b
163583508,ngrwkj40-brhi-wahi-0u64-9boxcpvvng8q,9a3d9aca-5a67-4344-92e0-77ce2d11379c
163583508,ko03bvbw-zp3u-a31t-ar5s-6x5agergq0pp,237c9ae0-2f26-4eca-a083-28778d813825
163583508,tgfmevlv-8klu-pnb4-0cb2-q87nyc3wfa4s,41bfda96-f67a-4623-976c-d573aa55dfd4
163583508,3d1qymo8-9qyy-44tp-p089-psive15sct1s,98b33b54-deeb-4e36-9d52-02c86fbfd510
163583508,afuq7k9k-m9ha-91ue-eli8-pi4i4w670241,c494f143-afa1-4343-9967-bd08727d8305
163583508,83sv0omb-zmt5-eg07-fo3b-1jwe02hfaeuf,7b328dcc-4ced-46c5-afe5-d4d091163176
163583508,tb448uuw-ans4-1cu3-802z-yl2owaq2gnz7,41bfda96-f67a-4623-976c-d573aa55dfd4
163583508,b1a70ilc-31vv-bgg0-k313-vwopbu82g2hg,9a3d9aca-5a67-4344-92e0-77ce2d11379c
163583508,0dm0wdwu-z0hw-dzau-kjx9-h8woklih0wbv,f83c0eba-cf5a-4172-ae40-b5b5e49ae1c1
163583508,ujempn9d-t3jx-bzu0-1ek1-4hr6uh35575u,e442512f-e7e8-4ad3-ada8-d3cd1b2c86c8
163583508,3vjjxul6-poi3-iwev-bq5b-yqlnezwnxixj,7a2b9da8-de5a-48d9-b77b-781955a16084
163245903,ilyf5k2f-1sd2-c95m-sqq9-m4tek3n2wjuy,5385d627-f38f-4f07-a1fb-840f1cf08c88
163245903,e3yvbmfx-awoz-86ds-5o84-lj82y3cai3mb,3e0f5847-034a-4c20-8bed-9fbec8e0cb87
163245903,qr07i712-e8gc-t51d-krtt-0mu7teng4cs2,76bda6dd-359d-4a2f-aea7-4e7dab39926c
163245903,y813lsj7-1vg1-lqlk-ojlg-cyxmgs9sz9rh,75a40e9a-d458-4cb2-8d3a-ad0f3c60134c
163245903,0rv4lpgd-7jxc-ijkz-l9p6-l56a4jrw62oe,6f6d7b8f-57c7-49a4-b01b-ed33ed25b3f2
162433415,xyqsgjgf-as1u-l8zy-d9s7-qbqhj1gyqx5j,cc594ac8-f8e4-40fb-abce-cac6f2bcb44b
162433415,dg2egpng-6a05-43bo-8f38-2zmi0lfa00z0,cf014da0-4fc0-4d80-8ba6-5077f19f4ff9
162433415,6rqfvbxz-jxdz-gkbv-5be4-v8dpnhrnqvz1,9251bb39-b6bf-4ab9-9ff7-b61db0a3c340
162433415,c9jfmq4s-ymmo-1b32-xwzi-37yztjziv2uy,47a190d9-bfa4-4158-852e-b9428312a19c
162433415,6ntieguf-3cco-hzdi-fsep-m36kwycuuqd7,c494f143-afa1-4343-9967-bd08727d8305
162433415,kvjuvgko-dofj-sp0j-567f-w46jac6rmtrw,7b328dcc-4ced-46c5-afe5-d4d091163176
162433415,frcwmpz4-e7sj-no0v-mqq8-handkwpgc4ry,cc594ac8-f8e4-40fb-abce-cac6f2bcb44b
162433415,8wgjjh06-7wk9-9kq4-vmdi-7d1qjqs0jxgn,f48a2213-32cb-4fb4-908d-7c5b231196e9
162433415,su6j3ahh-m4is-bdxg-j7k1-qluakhlxwh5p,1d52ca9d-7ba3-428b-870d-0370c28589f3
162433415,qsi7wipr-ytq2-h699-697j-zz46nk3tb4xr,1d52ca9d-7ba3-428b-870d-0370c28589f3
162433415,pkp2n0th-qnqq-38kd-2kt6-vr0ji31kt9xb,40aaba87-5e4a-4532-b5be-bd59a5ba1611
162433415,xl8t0e3s-gsve-ltcs-0pu7-hj7olehyn0kh,5385d627-f38f-4f07-a1fb-840f1cf08c88
162433415,qwr10age-6wff-1a8y-e8zb-uq4c9v0wbk0e,3e0f5847-034a-4c20-8bed-9fbec8e0cb87
162433415,3npeq7ij-o7gk-v6m4-ch6s-rsl9pgkw3h2z,f48a2213-32cb-4fb4-908d-7c5b231196e9
161014320,1i6yymae-okpd-5vvn-zz9e-8tyl1luow8cl,ba0535ba-d87c-4eb2-8597-9649a54eda9d
161014320,0dm0wdwu-z0hw-dzau-kjx9-h8woklih0wbv,f83c0eba-cf5a-4172-ae40-b5b5e49ae1c1
161014320,2q5y029k-569w-zcxh-lgp2-wj7ju592b7w9,41bfda96-f67a-4623-976c-d573aa55dfd4
161014320,w5iasd80-z4nv-5mxa-glzf-iadopkzlqdhd,1d52ca9d-7ba3-428b-870d-0370c28589f3
161014320,noivppe6-sdcn-4hsb-jqko-204n8gb4xygc,ddee628a-b322-4999-9904-2cef31ca23d7
161014320,spj1tf7g-rd0o-4sct-xssj-tf2sfxeqmme8,9a3d9aca-5a67-4344-92e0-77ce2d11379c
161014320,o569z5aq-ctyt-6hc6-zst4-x4t1d654qxgt,e442512f-e7e8-4ad3-ada8-d3cd1b2c86c8
161014320,xugk8gj6-rfky-o8wp-rtzk-a0p7owgt2umo,41bfda96-f67a-4623-976c-d573aa55dfd4
161014320,tf3n8sni-krza-61vf-dn9v-p1ewk4zymx5s,9ecf3c50-f992-4389-96c0-a4bafd46c48b
161014320,35xx2qwt-qekm-a0b2-xluo-ufmta5l5723r,9a3d9aca-5a67-4344-92e0-77ce2d11379c
161014320,qwr10age-6wff-1a8y-e8zb-uq4c9v0wbk0e,3e0f5847-034a-4c20-8bed-9fbec8e0cb87
161014320,qrgbqmyk-th04-ukqq-gs9n-8pijn1lga4zg,7b328dcc-4ced-46c5-afe5-d4d091163176
161014320,6ntieguf-3cco-hzdi-fsep-m36kwycuuqd7,c494f143-afa1-4343-9967-bd08727d8305
158594015,0i4cbrhu-1ruy-jkcu-th4v-6l97d8ao8qcm,75a40e9a-d458-4cb2-8d3a-ad0f3c60134c
158594015,8tg2bjqv-i23t-h54w-xhow-qr7fgawx22yj,ba0535ba-d87c-4eb2-8597-9649a54eda9d
158594015,rw8tewnd-h9i7-a560-z5em-lwov05hzew6y,6f6d7b8f-57c7-49a4-b01b-ed33ed25b3f2
158594015,ydw5hua0-l5k5-my7y-auqz-k6r2lbjtw8vs,27a6e7c4-31cf-47d3-87f1-3163dec68ab5
158594015,808qob46-3fcl-elyr-f8rk-bkgtb3qxmlhb,28927fa0-8dca-4082-a7d0-abd989c8ef12
158594015,9hlm451h-jlaw-6ig7-djmr-f4o5b7qat3yg,9ecf3c50-f992-4389-96c0-a4bafd46c48b
158594015,ngrwkj40-brhi-wahi-0u64-9boxcpvvng8q,9a3d9aca-5a67-4344-92e0-77ce2d11379c
158594015,eocvkarh-mues-5fgn-vz31-mfshposeic1y,30aa77a0-fb15-4dd9-8efa-9dbfa3cf57e1
158594015,c7mtr4si-8zui-pjex-oxg2-dbxczvgkmt0p,ba0535ba-d87c-4eb2-8597-9649a54eda9d
158594015,jyra5n9q-c3fw-ghg9-bssf-slbfeixtmq1s,cc594ac8-f8e4-40fb-abce-cac6f2bcb44b
158594015,k4ohl8tr-jn5u-hrsg-6wng-ubsjwl4bkz17,f48a2213-32cb-4fb4-908d-7c5b231196e9
159212743,mobw5asf-txfb-0qwo-lyox-dzre0qwjchlf,28927fa0-8dca-4082-a7d0-abd989c8ef12
159212743,5gniavaq-35gx-vfjc-xrnl-kw33fl55cmf6,2247e234-68d6-483d-9dd3-a9b9ed8d8773
159212743,o4vq5ro2-v4gr-ho7p-dloo-0e4a882uiq8d,ddee628a-b322-4999-9904-2cef31ca23d7
159212743,pucuc1d4-r49c-a6t7-vnz9-8oa7kdr10mrw,e835b325-1be9-40c8-9afb-f4f6afeaa028
159212743,yhzm0gwe-j6pg-7d5s-nvsw-uvw3jy3q25o5,7a2b9da8-de5a-48d9-b77b-781955a16084
159212743,v9rm762m-g7s1-a39k-15n6-x4wmneg8cdby,cc594ac8-f8e4-40fb-abce-cac6f2bcb44b
159212743,liya0npa-0ifl-8r0k-yteb-hzrd8mtt9vbj,6f6d7b8f-57c7-49a4-b01b-ed33ed25b3f2
159212743,tdm3f845-o7qq-0s35-hzp7-gaapl5vga92u,f48a2213-32cb-4fb4-908d-7c5b231196e9
159212743,8wgjjh06-7wk9-9kq4-vmdi-7d1qjqs0jxgn,f48a2213-32cb-4fb4-908d-7c5b231196e9
159212743,vk9w333c-ro0h-q9n5-s00c-9sdfqwja6w90,90f50ae1-d87f-4189-b415-849e96dd96f1
192803013,qsi7wipr-ytq2-h699-697j-zz46nk3tb4xr,1d52ca9d-7ba3-428b-870d-0370c28589f3
192803013,5gniavaq-35gx-vfjc-xrnl-kw33fl55cmf6,2247e234-68d6-483d-9dd3-a9b9ed8d8773
192803013,0yzn37jt-apiy-9y0k-ic7b-3rnxyrqzvzob,1f978602-0f0f-4e8b-a8f0-423b4fe882f4
192803013,gqk8rwa4-qe9w-j0dc-0f7r-kinq4fwba4u5,30aa77a0-fb15-4dd9-8efa-9dbfa3cf57e1
192803013,5yuijppo-0vyd-twjh-ocl4-c5plxykse6bu,1f978602-0f0f-4e8b-a8f0-423b4fe882f4
192486022,5yuijppo-0vyd-twjh-ocl4-c5plxykse6bu,1f978602-0f0f-4e8b-a8f0-423b4fe882f4
192486022,wrqf1ws9-1g26-gqgk-ozsq-mu1px0ktovx6,2247e234-68d6-483d-9dd3-a9b9ed8d8773
192486022,wgmxb8ar-i6bi-cd9g-430v-5td2xm9brn2u,9ecf3c50-f992-4389-96c0-a4bafd46c48b
192486022,7dpg0jpt-k2ix-zb5t-11kj-mot26jmk7ko5,3a9f67ab-f61c-45aa-a187-c08d4035728b
192486022,9jzx0b8x-jolg-kxw8-dzj6-ue9g0767zugf,cf014da0-4fc0-4d80-8ba6-5077f19f4ff9
192486022,c8p4ywlu-di1p-7hre-8eb9-fwj2703ddoek,c4906074-ce3f-48b7-bc22-2df39bb3e948
192486022,1f4nypqr-1bgv-efy2-kli9-rm6fxgkljlx1,9251bb39-b6bf-4ab9-9ff7-b61db0a3c340
192486022,e2bjnzc4-xaz1-ztuj-aard-43tuw57e53r6,10360c14-66ed-4973-bdc6-338c7499845e
192584315,v5y7rzar-bmui-wksj-d39a-v4t0i4f2yx2p,27a6e7c4-31cf-47d3-87f1-3163dec68ab5
192584315,l6rxniy1-hzn8-u34e-5enl-bt3kzmmliiex,e442512f-e7e8-4ad3-ada8-d3cd1b2c86c8
192584315,oqny3fmj-6vye-yvrp-lty7-l4dx743a1da5,5385d627-f38f-4f07-a1fb-840f1cf08c88
192584315,opfbgzki-ez5x-2aqf-59rl-pf4gkhco0989,cd5f554f-e368-459a-b830-ceea0d8191fa
192584315,b1a70ilc-31vv-bgg0-k313-vwopbu82g2hg,9a3d9aca-5a67-4344-92e0-77ce2d11379c
192584315,83sjho4u-enxb-nt50-c43o-nyh9ywgmmco7,4d7bc938-a483-4c5d-bedb-a7722c5c8165
192584315,xmba8sqj-bd7f-veyo-plsc-8lpthju3bfze,cc594ac8-f8e4-40fb-abce-cac6f2bcb44b
192584315,pucuc1d4-r49c-a6t7-vnz9-8oa7kdr10mrw,e835b325-1be9-40c8-9afb-f4f6afeaa028
192584315,z2bqp7ce-5ncy-gh48-92qt-emv12zhbswb9,26c4ed67-b7d5-4a46-8317-87decb51a69c
192584315,upuntc1l-u8f6-c4sb-suwq-6h57n8tkmioq,10360c14-66ed-4973-bdc6-338c7499845e
191106316,44beoqnc-8ici-kj00-n13h-hdmmyib75jsn,9251bb39-b6bf-4ab9-9ff7-b61db0a3c340
191106316,51s55hc5-2k2s-xnd0-fa71-zzxgm3ar3s8l,af9217e1-baa5-48b2-af0f-94eeaef5070f
191106316,ydw5hua0-l5k5-my7y-auqz-k6r2lbjtw8vs,27a6e7c4-31cf-47d3-87f1-3163dec68ab5
191106316,l925jhwo-9fwh-ydy8-80vf-b4x541gakrba,e442512f-e7e8-4ad3-ada8-d3cd1b2c86c8
191106316,8fhfzprd-n45u-dj2h-49lr-mouz6q9mo8rp,c55d7796-a7a8-4ecc-8b05-b170c92c86c6
191106316,d04yvlz1-gfcn-jitx-60qs-0l879faj7g3p,6f6d7b8f-57c7-49a4-b01b-ed33ed25b3f2
191106316,2ezq8z2z-l4pc-478j-oudd-orsztmtq3zaz,41bfda96-f67a-4623-976c-d573aa55dfd4
191106316,k4ohl8tr-jn5u-hrsg-6wng-ubsjwl4bkz17,f48a2213-32cb-4fb4-908d-7c5b231196e9
191106316,5u8ds8ok-x63v-kjtn-qrz3-e853gem7889t,10360c14-66ed-4973-bdc6-338c7499845e
191106316,setf25vq-nag1-9xk3-qu4b-gd7hqf24tanb,1d52ca9d-7ba3-428b-870d-0370c28589f3
191106316,lgotxrkt-8k74-9cts-sybe-8dwfqe8nc863,4d7bc938-a483-4c5d-bedb-a7722c5c8165
181543681,tn3vdnkm-sxu5-8wph-nyyo-4vg8m40a0qtn,27a6e7c4-31cf-47d3-87f1-3163dec68ab5
181543681,gr2rlqur-kqob-3gn4-gbt7-v1ml9cio5kb6,ddee628a-b322-4999-9904-2cef31ca23d7
181543681,511920be-5v72-lm8x-nls9-4h7szn1x7fih,f83c0eba-cf5a-4172-ae40-b5b5e49ae1c1
181543681,7i0nwhhu-ffmn-0idd-wkny-wfkovac70ixn,7b328dcc-4ced-46c5-afe5-d4d091163176
181543681,vlm94x05-cdum-09od-7z01-paoyy0ohjo1v,41bfda96-f67a-4623-976c-d573aa55dfd4
181543681,zg5ccyuh-wprg-0kx5-007g-549gj4215d5v,98b33b54-deeb-4e36-9d52-02c86fbfd510
181543681,drga3ind-oe7o-dfpt-o1lt-r3fscte9ad7z,cd5f554f-e368-459a-b830-ceea0d8191fa
181543681,6f57bnpn-skpc-x20r-67te-4il6cowv6c76,e442512f-e7e8-4ad3-ada8-d3cd1b2c86c8
181543681,nz5twaof-mtxa-hjcp-tob8-12opx9qe9yvf,237c9ae0-2f26-4eca-a083-28778d813825
181543681,6mmao8yr-kpv9-zzxq-4278-k7zc20cxwwmy,76bda6dd-359d-4a2f-aea7-4e7dab39926c
193828225,lq18y1ji-03d9-k1p6-0mwq-tbe3yjdoi9w5,a78f2c18-4d1d-4790-93a0-52aff92de25f
193828225,808qob46-3fcl-elyr-f8rk-bkgtb3qxmlhb,28927fa0-8dca-4082-a7d0-abd989c8ef12
193828225,w5iasd80-z4nv-5mxa-glzf-iadopkzlqdhd,1d52ca9d-7ba3-428b-870d-0370c28589f3
193828225,pucuc1d4-r49c-a6t7-vnz9-8oa7kdr10mrw,e835b325-1be9-40c8-9afb-f4f6afeaa028
193828225,w8zrh0vl-42xu-cxvl-2y71-f9jldpmjkljn,2247e234-68d6-483d-9dd3-a9b9ed8d8773
193828225,jyra5n9q-c3fw-ghg9-bssf-slbfeixtmq1s,cc594ac8-f8e4-40fb-abce-cac6f2bcb44b
193828225,7i0nwhhu-ffmn-0idd-wkny-wfkovac70ixn,7b328dcc-4ced-46c5-afe5-d4d091163176
193828225,xpfd7y8t-jsyx-i8v7-hky1-di3bw22t1bk7,3e0f5847-034a-4c20-8bed-9fbec8e0cb87
193828225,liywwbsv-qg9h-55h4-9afv-rw515nluk2gk,40aaba87-5e4a-4532-b5be-bd59a5ba1611
193828225,wpua0qrx-n5cr-jjqh-h147-9ukpo4aan13w,ddee628a-b322-4999-9904-2cef31ca23d7
193828225,7x0gg0xb-ofz2-69zd-4qpm-mx0keoj25ew2,4a3eb43b-e335-492f-bb9c-1413cca299d4
193828225,zkxieg2g-mt94-n7f3-1hya-5ba8sew8ohd4,a78f2c18-4d1d-4790-93a0-52aff92de25f
193828225,hitan7il-lubz-ayzs-ooge-5uiwn6d14bxp,3b2c751d-4ed2-4da6-be71-4c19769543bf
188059646,9v1c4l2v-da2c-tfz7-iulr-igjexv7my5tn,c4906074-ce3f-48b7-bc22-2df39bb3e948
188059646,tl9ptzx4-sj2v-zkce-sr9l-8r83an4id2uu,7a2b9da8-de5a-48d9-b77b-781955a16084
188059646,qgi3vk2b-5gae-utcj-usfn-49gvg61vwvop,75a40e9a-d458-4cb2-8d3a-ad0f3c60134c
188059646,0yzn37jt-apiy-9y0k-ic7b-3rnxyrqzvzob,1f978602-0f0f-4e8b-a8f0-423b4fe882f4
188059646,bxs3xs8v-mkcx-dg5x-0lge-oyi6g57o75vu,6f6d7b8f-57c7-49a4-b01b-ed33ed25b3f2
188059646,3vjjxul6-poi3-iwev-bq5b-yqlnezwnxixj,7a2b9da8-de5a-48d9-b77b-781955a16084
179949795,y3j02ld1-b80r-4yya-ppah-tpedrexfqd0d,75a40e9a-d458-4cb2-8d3a-ad0f3c60134c
179949795,leqemmk7-fc4x-fyr2-k46r-4432r73zfi6n,26c4ed67-b7d5-4a46-8317-87decb51a69c
179949795,7zk0ennt-gt0a-q1s5-vmt2-pjsntdnorfc5,9f12bb35-cade-4b75-b689-860823fbf2cb
179949795,e3yvbmfx-awoz-86ds-5o84-lj82y3cai3mb,3e0f5847-034a-4c20-8bed-9fbec8e0cb87
179949795,dv0t3r5g-lrii-exrv-llcy-0ufnmmxsjnf6,5385d627-f38f-4f07-a1fb-840f1cf08c88
179949795,5xlpwqlq-eu87-og87-svv3-v91gz75ab3t6,9f12bb35-cade-4b75-b689-860823fbf2cb
179949795,jyra5n9q-c3fw-ghg9-bssf-slbfeixtmq1s,cc594ac8-f8e4-40fb-abce-cac6f2bcb44b
178755305,9wk76w7w-r1wq-hy29-9anb-jtryy85hvntk,7b328dcc-4ced-46c5-afe5-d4d091163176
178755305,6o4zkhc2-aoxe-hbmg-budu-ibc388nlucjg,e835b325-1be9-40c8-9afb-f4f6afeaa028
178755305,tn3vdnkm-sxu5-8wph-nyyo-4vg8m40a0qtn,27a6e7c4-31cf-47d3-87f1-3163dec68ab5
178755305,spj1tf7g-rd0o-4sct-xssj-tf2sfxeqmme8,9a3d9aca-5a67-4344-92e0-77ce2d11379c
178755305,lwq053zd-4wzc-cknl-1elt-t3g3vz3qgaap,47a190d9-bfa4-4158-852e-b9428312a19c
178755305,rf4gkbdl-0mm2-xcgr-froy-ogckpp6ktjc2,6b4ac8b4-2a1a-40f5-807d-f3cffd6e0b1b
178755305,rttc9658-73b3-6t59-6sm4-qli26mfyw9b5,8f2e5f4f-47a2-4795-a8c3-949271aa9aa6
178755305,ys22a7si-beo6-1pq1-odkp-3qz3r3ycn7wr,ddce71bd-e266-4f12-bd75-d0a9b327c12a
178755305,wanaga71-aizp-5cg0-5539-lddst70yqj5w,237c9ae0-2f26-4eca-a083-28778d813825
178755305,49pwixvy-nm30-5pz4-k18s-yug6vlykyywj,c494f143-afa1-4343-9967-bd08727d8305
178755305,wpua0qrx-n5cr-jjqh-h147-9ukpo4aan13w,ddee628a-b322-4999-9904-2cef31ca23d7
178755305,j3o0o61z-9mye-5csi-4gih-3w9b27wsxnyd,924b5177-20b5-464c-84b2-0f813c7a83b9
178755305,83sjho4u-enxb-nt50-c43o-nyh9ywgmmco7,4d7bc938-a483-4c5d-bedb-a7722c5c8165
178755305,b6kdw2h7-cd9z-7bmv-6qy6-6rlyak5316md,41bfda96-f67a-4623-976c-d573aa55dfd4
178755305,sj90crof-l9ef-qmc3-tkea-l3jgar8btc9w,1f978602-0f0f-4e8b-a8f0-423b4fe882f4
172111462,9hlm451h-jlaw-6ig7-djmr-f4o5b7qat3yg,9ecf3c50-f992-4389-96c0-a4bafd46c48b
172111462,jyra5n9q-c3fw-ghg9-bssf-slbfeixtmq1s,cc594ac8-f8e4-40fb-abce-cac6f2bcb44b
172111462,3d1qymo8-9qyy-44tp-p089-psive15sct1s,98b33b54-deeb-4e36-9d52-02c86fbfd510
172111462,w8zrh0vl-42xu-cxvl-2y71-f9jldpmjkljn,2247e234-68d6-483d-9dd3-a9b9ed8d8773
172111462,wa3zt39g-orzi-xrz0-pvf0-pcopg9n1ueg8,1f978602-0f0f-4e8b-a8f0-423b4fe882f4
172111462,bqirl5lk-p7il-rz94-dy0q-uieo2tfxk0r3,ba0535ba-d87c-4eb2-8597-9649a54eda9d
172111462,xmba8sqj-bd7f-veyo-plsc-8lpthju3bfze,cc594ac8-f8e4-40fb-abce-cac6f2bcb44b
172111462,37sontm3-deq6-pa32-uh4c-r5kv77nwk0j0,9f12bb35-cade-4b75-b689-860823fbf2cb
172111462,cdpj31og-75cx-imob-ee68-6485smuzm7nm,ba0535ba-d87c-4eb2-8597-9649a54eda9d
172111462,mqfhxlmf-e121-2c0d-gt6z-yvxwevlhb2z6,3a9f67ab-f61c-45aa-a187-c08d4035728b
172111462,spj1tf7g-rd0o-4sct-xssj-tf2sfxeqmme8,9a3d9aca-5a67-4344-92e0-77ce2d11379c
166697705,eiuaa7ia-o6x4-gvaq-lhtm-ynyvkjjmc3u4,90f50ae1-d87f-4189-b415-849e96dd96f1
166697705,z80zs5yj-uio9-mqci-6m89-q4x3dd7bxr1g,4a3eb43b-e335-492f-bb9c-1413cca299d4
166697705,b6kdw2h7-cd9z-7bmv-6qy6-6rlyak5316md,41bfda96-f67a-4623-976c-d573aa55dfd4
166697705,s14q4ctv-74n7-uaz6-1857-0x6clf5qkvv9,3e0f5847-034a-4c20-8bed-9fbec8e0cb87
166697705,e2bjnzc4-xaz1-ztuj-aard-43tuw57e53r6,10360c14-66ed-4973-bdc6-338c7499845e
166697705,7mlq0slg-at9q-1fau-z0wt-35yjlf1fxnda,4d7bc938-a483-4c5d-bedb-a7722c5c8165
166697705,3vjjxul6-poi3-iwev-bq5b-yqlnezwnxixj,7a2b9da8-de5a-48d9-b77b-781955a16084
166697705,xmba8sqj-bd7f-veyo-plsc-8lpthju3bfze,cc594ac8-f8e4-40fb-abce-cac6f2bcb44b
166697705,eo7pq787-1ibl-lm92-1ykz-pzj78gv6pnxx,3dbb0e3e-42e8-455a-81f4-6bec5ead31b8
166697705,s5ya84y1-9m6t-gvj5-9j54-en0xsjdnk8e5,9210d210-bca6-40ed-a5fe-580255c0b0e6
166697705,sqow5jjv-x72p-yt9q-7r4n-o7at8cse8ckc,7a2b9da8-de5a-48d9-b77b-781955a16084
166697705,tdm3f845-o7qq-0s35-hzp7-gaapl5vga92u,f48a2213-32cb-4fb4-908d-7c5b231196e9
171903526,m5vg7wdz-crip-70wn-7edl-scppiet1ev3q,3dbb0e3e-42e8-455a-81f4-6bec5ead31b8
171903526,yd0y6ql9-yxes-hq6u-dydy-tg3up2r2wp36,924b5177-20b5-464c-84b2-0f813c7a83b9
171903526,afuq7k9k-m9ha-91ue-eli8-pi4i4w670241,c494f143-afa1-4343-9967-bd08727d8305
171903526,ovig1uw0-8eek-qwh2-lykv-3b17bggjhwzz,27a6e7c4-31cf-47d3-87f1-3163dec68ab5
171903526,scljzy6k-ebh1-bzfj-zybn-a77efej7fw3w,47a190d9-bfa4-4158-852e-b9428312a19c
171903526,769iv6g8-xovf-r6pn-uqzc-6fm6mbmrofuf,924b5177-20b5-464c-84b2-0f813c7a83b9
171903526,qrgbqmyk-th04-ukqq-gs9n-8pijn1lga4zg,7b328dcc-4ced-46c5-afe5-d4d091163176
171903526,9zd2ut49-z4u8-o1pc-7fa4-18bwzlb7w0av,8f2e5f4f-47a2-4795-a8c3-949271aa9aa6
171903526,gqb69lo0-ut1w-7q7o-pxvv-q2njgihitdw7,cf014da0-4fc0-4d80-8ba6-5077f19f4ff9
171903526,3vjjxul6-poi3-iwev-bq5b-yqlnezwnxixj,7a2b9da8-de5a-48d9-b77b-781955a16084
171903526,9xchluqm-6vp4-s89o-u5w1-w55dgy9i8s5e,c4906074-ce3f-48b7-bc22-2df39bb3e948
171903526,pucuc1d4-r49c-a6t7-vnz9-8oa7kdr10mrw,e835b325-1be9-40c8-9afb-f4f6afeaa028
171903526,leqemmk7-fc4x-fyr2-k46r-4432r73zfi6n,26c4ed67-b7d5-4a46-8317-87decb51a69c
171903526,wdmoa74b-18cz-xjqy-wslp-u2iplkbpnjbf,9251bb39-b6bf-4ab9-9ff7-b61db0a3c340
171903526,5u8ds8ok-x63v-kjtn-qrz3-e853gem7889t,10360c14-66ed-4973-bdc6-338c7499845e
171866470,5xlpwqlq-eu87-og87-svv3-v91gz75ab3t6,9f12bb35-cade-4b75-b689-860823fbf2cb
171866470,8bidylwe-v3zu-bubs-gqin-b5dj6wlia7rl,c55d7796-a7a8-4ecc-8b05-b170c92c86c6
171866470,oor3odtj-ck8g-y6ov-1t7y-01wy8gp3y12e,6b4ac8b4-2a1a-40f5-807d-f3cffd6e0b1b
171866470,a436k0zx-48xv-xs7u-8u7r-ymkblug4rftu,30aa77a0-fb15-4dd9-8efa-9dbfa3cf57e1
171866470,lwq053zd-4wzc-cknl-1elt-t3g3vz3qgaap,47a190d9-bfa4-4158-852e-b9428312a19c
171866470,06pfnvun-6rzh-1ov2-oqbn-6kva5iyojmrn,10360c14-66ed-4973-bdc6-338c7499845e
171866470,3vjjxul6-poi3-iwev-bq5b-yqlnezwnxixj,7a2b9da8-de5a-48d9-b77b-781955a16084
171866470,qsi7wipr-ytq2-h699-697j-zz46nk3tb4xr,1d52ca9d-7ba3-428b-870d-0370c28589f3
171866470,wwavzx8g-kxkq-8td4-w4ft-x6jozzvth22q,28927fa0-8dca-4082-a7d0-abd989c8ef12
171866470,j1sxzvn5-l3qy-uvdz-xrqz-6kphyci8pk4v,ddee628a-b322-4999-9904-2cef31ca23d7
171866470,l925jhwo-9fwh-ydy8-80vf-b4x541gakrba,e442512f-e7e8-4ad3-ada8-d3cd1b2c86c8
171866470,dg2egpng-6a05-43bo-8f38-2zmi0lfa00z0,cf014da0-4fc0-4d80-8ba6-5077f19f4ff9
171866470,3nohzmeg-1v9g-ck9j-ysfr-bxno38f3wbkk,6b4ac8b4-2a1a-40f5-807d-f3cffd6e0b1b
171866470,lw94admo-1kky-dt5i-bdrc-48s4vuavkk8s,9ecf3c50-f992-4389-96c0-a4bafd46c48b
171325798,bymn7fsd-z383-4tfi-05ph-1w6myuwiwgdy,c4906074-ce3f-48b7-bc22-2df39bb3e948
171325798,0e6mnr66-jvx3-rceg-w2vu-b5q114pfj02x,e835b325-1be9-40c8-9afb-f4f6afeaa028
171325798,liywwbsv-qg9h-55h4-9afv-rw515nluk2gk,40aaba87-5e4a-4532-b5be-bd59a5ba1611
171325798,9xchluqm-6vp4-s89o-u5w1-w55dgy9i8s5e,c4906074-ce3f-48b7-bc22-2df39bb3e948
171325798,mobw5asf-txfb-0qwo-lyox-dzre0qwjchlf,28927fa0-8dca-4082-a7d0-abd989c8ef12
171325798,6ntieguf-3cco-hzdi-fsep-m36kwycuuqd7,c494f143-afa1-4343-9967-bd08727d8305
171188162,v9rm762m-g7s1-a39k-15n6-x4wmneg8cdby,cc594ac8-f8e4-40fb-abce-cac6f2bcb44b
171188162,4qmvci2t-ztrg-rpul-2xhy-bu27bttwwqsg,9f12bb35-cade-4b75-b689-860823fbf2cb
171188162,44beoqnc-8ici-kj00-n13h-hdmmyib75jsn,9251bb39-b6bf-4ab9-9ff7-b61db0a3c340
171188162,3dry490r-pamd-304b-0z0h-eekibkivb95g,c55d7796-a7a8-4ecc-8b05-b170c92c86c6
171188162,v5y7rzar-bmui-wksj-d39a-v4t0i4f2yx2p,27a6e7c4-31cf-47d3-87f1-3163dec68ab5
171188162,b6sgdb7m-hwro-eruc-xtli-jylxc7ca1hzw,e442512f-e7e8-4ad3-ada8-d3cd1b2c86c8
171188162,eltbkycf-vzv2-q5aq-erx2-agofj8qti5dz,47a190d9-bfa4-4158-852e-b9428312a19c
171188162,ddlizvvx-ui1r-iw3i-prxr-2rvi6j05c67v,cf014da0-4fc0-4d80-8ba6-5077f19f4ff9
171188162,q0kdy026-vbnm-hhg2-rhjr-5vw7t437s0b9,98b33b54-deeb-4e36-9d52-02c86fbfd510
171188162,5yuijppo-0vyd-twjh-ocl4-c5plxykse6bu,1f978602-0f0f-4e8b-a8f0-423b4fe882f4
171188162,kny73hdy-8xg1-zajt-f19b-uqdoa0emhy5m,a78f2c18-4d1d-4790-93a0-52aff92de25f
171188162,gtlb5zo9-o1er-q9tr-pjnm-af06t5el3u6e,3a9f67ab-f61c-45aa-a187-c08d4035728b
171188162,liya0npa-0ifl-8r0k-yteb-hzrd8mtt9vbj,6f6d7b8f-57c7-49a4-b01b-ed33ed25b3f2
171188162,hitan7il-lubz-ayzs-ooge-5uiwn6d14bxp,3b2c751d-4ed2-4da6-be71-4c19769543bf
168906647,ydw5hua0-l5k5-my7y-auqz-k6r2lbjtw8vs,27a6e7c4-31cf-47d3-87f1-3163dec68ab5
168906647,ilyf5k2f-1sd2-c95m-sqq9-m4tek3n2wjuy,5385d627-f38f-4f07-a1fb-840f1cf08c88
168906647,m5vg7wdz-crip-70wn-7edl-scppiet1ev3q,3dbb0e3e-42e8-455a-81f4-6bec5ead31b8
168906647,spj1tf7g-rd0o-4sct-xssj-tf2sfxeqmme8,9a3d9aca-5a67-4344-92e0-77ce2d11379c
168906647,rttc9658-73b3-6t59-6sm4-qli26mfyw9b5,8f2e5f4f-47a2-4795-a8c3-949271aa9aa6
168906647,drga3ind-oe7o-dfpt-o1lt-r3fscte9ad7z,cd5f554f-e368-459a-b830-ceea0d8191fa
168906647,ymfgp606-459h-g8o7-hysb-y1x9ol7yf284,90f50ae1-d87f-4189-b415-849e96dd96f1
168906647,w4jhjfgi-pbyc-toh7-gkee-x61qriuuhuat,9ecf3c50-f992-4389-96c0-a4bafd46c48b
168906647,afuq7k9k-m9ha-91ue-eli8-pi4i4w670241,c494f143-afa1-4343-9967-bd08727d8305
168906647,0rv4lpgd-7jxc-ijkz-l9p6-l56a4jrw62oe,6f6d7b8f-57c7-49a4-b01b-ed33ed25b3f2
168906647,qw21hipb-5gu4-k65b-k0xc-jy11g9yv3hc4,e835b325-1be9-40c8-9afb-f4f6afeaa028
168785648,0dm0wdwu-z0hw-dzau-kjx9-h8woklih0wbv,f83c0eba-cf5a-4172-ae40-b5b5e49ae1c1
168785648,7x5k5hww-p8gx-svy4-6uav-374bjap1p7ne,9251bb39-b6bf-4ab9-9ff7-b61db0a3c340
168785648,wqgrpoks-q3cn-mswm-8c0f-k6n7yn1ekex7,237c9ae0-2f26-4eca-a083-28778d813825
168785648,nz5twaof-mtxa-hjcp-tob8-12opx9qe9yvf,237c9ae0-2f26-4eca-a083-28778d813825
168785648,ko03bvbw-zp3u-a31t-ar5s-6x5agergq0pp,237c9ae0-2f26-4eca-a083-28778d813825
168785648,b6sgdb7m-hwro-eruc-xtli-jylxc7ca1hzw,e442512f-e7e8-4ad3-ada8-d3cd1b2c86c8
168785648,6f57bnpn-skpc-x20r-67te-4il6cowv6c76,e442512f-e7e8-4ad3-ada8-d3cd1b2c86c8
168785648,9rfipbcc-89h5-v97t-bbif-47qc736niyw7,1d52ca9d-7ba3-428b-870d-0370c28589f3
168785648,9v1c4l2v-da2c-tfz7-iulr-igjexv7my5tn,c4906074-ce3f-48b7-bc22-2df39bb3e948
168785648,dv0t3r5g-lrii-exrv-llcy-0ufnmmxsjnf6,5385d627-f38f-4f07-a1fb-840f1cf08c88
168785648,xl8t0e3s-gsve-ltcs-0pu7-hj7olehyn0kh,5385d627-f38f-4f07-a1fb-840f1cf08c88
168785648,5u8ds8ok-x63v-kjtn-qrz3-e853gem7889t,10360c14-66ed-4973-bdc6-338c7499845e
168785648,noivppe6-sdcn-4hsb-jqko-204n8gb4xygc,ddee628a-b322-4999-9904-2cef31ca23d7
168785648,4zbn5gqs-krvu-zy5r-e4lc-2w23iex0h4uu,90f50ae1-d87f-4189-b415-849e96dd96f1
168785648,rfd7iivu-6tqq-ozv4-nhgn-8ds4sexgbotu,28927fa0-8dca-4082-a7d0-abd989c8ef12
165054883,tmvs4q5x-6xk3-57ei-j1dx-z5nnvbnokiqp,ba0535ba-d87c-4eb2-8597-9649a54eda9d
165054883,fz3guy7i-odk0-62rp-sl7p-0fy9ex3ikwii,3a9f67ab-f61c-45aa-a187-c08d4035728b
165054883,kozzkkcj-i8ar-mxld-557b-z7b6h2pkj82s,28927fa0-8dca-4082-a7d0-abd989c8ef12
165054883,tgfmevlv-8klu-pnb4-0cb2-q87nyc3wfa4s,41bfda96-f67a-4623-976c-d573aa55dfd4
165054883,6mmao8yr-kpv9-zzxq-4278-k7zc20cxwwmy,76bda6dd-359d-4a2f-aea7-4e7dab39926c
165054883,mobw5asf-txfb-0qwo-lyox-dzre0qwjchlf,28927fa0-8dca-4082-a7d0-abd989c8ef12
